{
  "best_metric": null,
  "best_model_checkpoint": null,
  "epoch": 0.06980802792321117,
  "eval_steps": 500,
  "global_step": 2000,
  "is_hyper_param_search": false,
  "is_local_process_zero": true,
  "is_world_process_zero": true,
  "log_history": [
    {
      "epoch": 0.0,
      "grad_norm": 2.2845351696014404,
      "learning_rate": 4.9833333333333336e-05,
      "loss": 4.8305,
      "step": 10
    },
    {
      "epoch": 0.0,
      "grad_norm": 3.208742380142212,
      "learning_rate": 4.966666666666667e-05,
      "loss": 4.6012,
      "step": 20
    },
    {
      "epoch": 0.0,
      "grad_norm": 3.011120557785034,
      "learning_rate": 4.9500000000000004e-05,
      "loss": 4.4859,
      "step": 30
    },
    {
      "epoch": 0.0,
      "grad_norm": 3.434319496154785,
      "learning_rate": 4.933333333333334e-05,
      "loss": 4.1201,
      "step": 40
    },
    {
      "epoch": 0.0,
      "grad_norm": 2.7801601886749268,
      "learning_rate": 4.9166666666666665e-05,
      "loss": 4.1174,
      "step": 50
    },
    {
      "epoch": 0.0,
      "grad_norm": 2.981532096862793,
      "learning_rate": 4.9e-05,
      "loss": 3.8691,
      "step": 60
    },
    {
      "epoch": 0.0,
      "grad_norm": 2.9055285453796387,
      "learning_rate": 4.883333333333334e-05,
      "loss": 3.84,
      "step": 70
    },
    {
      "epoch": 0.0,
      "grad_norm": 2.960925817489624,
      "learning_rate": 4.866666666666667e-05,
      "loss": 3.7453,
      "step": 80
    },
    {
      "epoch": 0.0,
      "grad_norm": 3.2687976360321045,
      "learning_rate": 4.85e-05,
      "loss": 3.6342,
      "step": 90
    },
    {
      "epoch": 0.0,
      "grad_norm": 3.4140050411224365,
      "learning_rate": 4.8333333333333334e-05,
      "loss": 3.7199,
      "step": 100
    },
    {
      "epoch": 0.0,
      "grad_norm": 3.646791934967041,
      "learning_rate": 4.8166666666666674e-05,
      "loss": 3.6697,
      "step": 110
    },
    {
      "epoch": 0.0,
      "grad_norm": 3.8958590030670166,
      "learning_rate": 4.8e-05,
      "loss": 3.8459,
      "step": 120
    },
    {
      "epoch": 0.0,
      "grad_norm": 3.533724069595337,
      "learning_rate": 4.7833333333333335e-05,
      "loss": 3.6107,
      "step": 130
    },
    {
      "epoch": 0.0,
      "grad_norm": 4.440822601318359,
      "learning_rate": 4.766666666666667e-05,
      "loss": 3.7305,
      "step": 140
    },
    {
      "epoch": 0.01,
      "grad_norm": 3.676931142807007,
      "learning_rate": 4.75e-05,
      "loss": 3.6816,
      "step": 150
    },
    {
      "epoch": 0.01,
      "grad_norm": 3.9477882385253906,
      "learning_rate": 4.7333333333333336e-05,
      "loss": 3.7441,
      "step": 160
    },
    {
      "epoch": 0.01,
      "grad_norm": 4.12568473815918,
      "learning_rate": 4.716666666666667e-05,
      "loss": 3.576,
      "step": 170
    },
    {
      "epoch": 0.01,
      "grad_norm": 4.313591003417969,
      "learning_rate": 4.7e-05,
      "loss": 3.574,
      "step": 180
    },
    {
      "epoch": 0.01,
      "grad_norm": 4.830262184143066,
      "learning_rate": 4.683333333333334e-05,
      "loss": 3.5494,
      "step": 190
    },
    {
      "epoch": 0.01,
      "grad_norm": 4.534295082092285,
      "learning_rate": 4.666666666666667e-05,
      "loss": 3.577,
      "step": 200
    },
    {
      "epoch": 0.01,
      "grad_norm": 5.008376121520996,
      "learning_rate": 4.6500000000000005e-05,
      "loss": 3.5525,
      "step": 210
    },
    {
      "epoch": 0.01,
      "grad_norm": 4.083359718322754,
      "learning_rate": 4.633333333333333e-05,
      "loss": 3.6434,
      "step": 220
    },
    {
      "epoch": 0.01,
      "grad_norm": 4.787063121795654,
      "learning_rate": 4.6166666666666666e-05,
      "loss": 3.6096,
      "step": 230
    },
    {
      "epoch": 0.01,
      "grad_norm": 4.525018215179443,
      "learning_rate": 4.600000000000001e-05,
      "loss": 3.51,
      "step": 240
    },
    {
      "epoch": 0.01,
      "grad_norm": 5.447048664093018,
      "learning_rate": 4.5833333333333334e-05,
      "loss": 3.4748,
      "step": 250
    },
    {
      "epoch": 0.01,
      "grad_norm": 5.365890979766846,
      "learning_rate": 4.566666666666667e-05,
      "loss": 3.6016,
      "step": 260
    },
    {
      "epoch": 0.01,
      "grad_norm": 5.403989791870117,
      "learning_rate": 4.55e-05,
      "loss": 3.5459,
      "step": 270
    },
    {
      "epoch": 0.01,
      "grad_norm": 4.553607940673828,
      "learning_rate": 4.5333333333333335e-05,
      "loss": 3.6133,
      "step": 280
    },
    {
      "epoch": 0.01,
      "grad_norm": 4.794341087341309,
      "learning_rate": 4.516666666666667e-05,
      "loss": 3.6285,
      "step": 290
    },
    {
      "epoch": 0.01,
      "grad_norm": 5.866735458374023,
      "learning_rate": 4.5e-05,
      "loss": 3.5379,
      "step": 300
    },
    {
      "epoch": 0.01,
      "grad_norm": 5.3249006271362305,
      "learning_rate": 4.483333333333333e-05,
      "loss": 3.4641,
      "step": 310
    },
    {
      "epoch": 0.01,
      "grad_norm": 5.728115558624268,
      "learning_rate": 4.466666666666667e-05,
      "loss": 3.6068,
      "step": 320
    },
    {
      "epoch": 0.01,
      "grad_norm": 5.30040979385376,
      "learning_rate": 4.4500000000000004e-05,
      "loss": 3.4145,
      "step": 330
    },
    {
      "epoch": 0.01,
      "grad_norm": 5.383587837219238,
      "learning_rate": 4.433333333333334e-05,
      "loss": 3.491,
      "step": 340
    },
    {
      "epoch": 0.01,
      "grad_norm": 5.539207458496094,
      "learning_rate": 4.4166666666666665e-05,
      "loss": 3.5193,
      "step": 350
    },
    {
      "epoch": 0.01,
      "grad_norm": 5.227112293243408,
      "learning_rate": 4.4000000000000006e-05,
      "loss": 3.5744,
      "step": 360
    },
    {
      "epoch": 0.01,
      "grad_norm": 4.8920392990112305,
      "learning_rate": 4.383333333333334e-05,
      "loss": 3.36,
      "step": 370
    },
    {
      "epoch": 0.01,
      "grad_norm": 5.161008834838867,
      "learning_rate": 4.3666666666666666e-05,
      "loss": 3.5307,
      "step": 380
    },
    {
      "epoch": 0.01,
      "grad_norm": 5.220074653625488,
      "learning_rate": 4.35e-05,
      "loss": 3.5232,
      "step": 390
    },
    {
      "epoch": 0.01,
      "grad_norm": 5.651122570037842,
      "learning_rate": 4.3333333333333334e-05,
      "loss": 3.4721,
      "step": 400
    },
    {
      "epoch": 0.01,
      "grad_norm": 5.477510929107666,
      "learning_rate": 4.316666666666667e-05,
      "loss": 3.6852,
      "step": 410
    },
    {
      "epoch": 0.01,
      "grad_norm": 5.05918025970459,
      "learning_rate": 4.3e-05,
      "loss": 3.4971,
      "step": 420
    },
    {
      "epoch": 0.02,
      "grad_norm": 5.685992240905762,
      "learning_rate": 4.2833333333333335e-05,
      "loss": 3.6232,
      "step": 430
    },
    {
      "epoch": 0.02,
      "grad_norm": 6.5853986740112305,
      "learning_rate": 4.266666666666667e-05,
      "loss": 3.4166,
      "step": 440
    },
    {
      "epoch": 0.02,
      "grad_norm": 6.146334171295166,
      "learning_rate": 4.25e-05,
      "loss": 3.4145,
      "step": 450
    },
    {
      "epoch": 0.02,
      "grad_norm": 5.708441257476807,
      "learning_rate": 4.233333333333334e-05,
      "loss": 3.4268,
      "step": 460
    },
    {
      "epoch": 0.02,
      "grad_norm": 5.700758457183838,
      "learning_rate": 4.216666666666667e-05,
      "loss": 3.5307,
      "step": 470
    },
    {
      "epoch": 0.02,
      "grad_norm": 7.114407539367676,
      "learning_rate": 4.2e-05,
      "loss": 3.4457,
      "step": 480
    },
    {
      "epoch": 0.02,
      "grad_norm": 5.81282901763916,
      "learning_rate": 4.183333333333334e-05,
      "loss": 3.4578,
      "step": 490
    },
    {
      "epoch": 0.02,
      "grad_norm": 5.977260112762451,
      "learning_rate": 4.166666666666667e-05,
      "loss": 3.5602,
      "step": 500
    },
    {
      "epoch": 0.02,
      "eval_bleu-4": 0.03384934054817397,
      "eval_rouge-1": 32.17761,
      "eval_rouge-2": 7.077131999999999,
      "eval_rouge-l": 24.579258,
      "eval_runtime": 45.6431,
      "eval_samples_per_second": 1.095,
      "eval_steps_per_second": 0.088,
      "step": 500
    },
    {
      "epoch": 0.02,
      "grad_norm": 5.781159400939941,
      "learning_rate": 4.15e-05,
      "loss": 3.3219,
      "step": 510
    },
    {
      "epoch": 0.02,
      "grad_norm": 6.7186784744262695,
      "learning_rate": 4.133333333333333e-05,
      "loss": 3.5443,
      "step": 520
    },
    {
      "epoch": 0.02,
      "grad_norm": 5.987128257751465,
      "learning_rate": 4.116666666666667e-05,
      "loss": 3.5816,
      "step": 530
    },
    {
      "epoch": 0.02,
      "grad_norm": 5.433833599090576,
      "learning_rate": 4.1e-05,
      "loss": 3.4879,
      "step": 540
    },
    {
      "epoch": 0.02,
      "grad_norm": 5.364903450012207,
      "learning_rate": 4.0833333333333334e-05,
      "loss": 3.5201,
      "step": 550
    },
    {
      "epoch": 0.02,
      "grad_norm": 5.855133533477783,
      "learning_rate": 4.066666666666667e-05,
      "loss": 3.6479,
      "step": 560
    },
    {
      "epoch": 0.02,
      "grad_norm": 5.775731563568115,
      "learning_rate": 4.05e-05,
      "loss": 3.492,
      "step": 570
    },
    {
      "epoch": 0.02,
      "grad_norm": 5.632279872894287,
      "learning_rate": 4.0333333333333336e-05,
      "loss": 3.3711,
      "step": 580
    },
    {
      "epoch": 0.02,
      "grad_norm": 6.302985668182373,
      "learning_rate": 4.016666666666667e-05,
      "loss": 3.4236,
      "step": 590
    },
    {
      "epoch": 0.02,
      "grad_norm": 6.466476917266846,
      "learning_rate": 4e-05,
      "loss": 3.4893,
      "step": 600
    },
    {
      "epoch": 0.02,
      "grad_norm": 6.245245456695557,
      "learning_rate": 3.983333333333333e-05,
      "loss": 3.4369,
      "step": 610
    },
    {
      "epoch": 0.02,
      "grad_norm": 6.603334903717041,
      "learning_rate": 3.966666666666667e-05,
      "loss": 3.4576,
      "step": 620
    },
    {
      "epoch": 0.02,
      "grad_norm": 6.015175819396973,
      "learning_rate": 3.9500000000000005e-05,
      "loss": 3.449,
      "step": 630
    },
    {
      "epoch": 0.02,
      "grad_norm": 6.189888000488281,
      "learning_rate": 3.933333333333333e-05,
      "loss": 3.4551,
      "step": 640
    },
    {
      "epoch": 0.02,
      "grad_norm": 5.945561408996582,
      "learning_rate": 3.9166666666666665e-05,
      "loss": 3.5338,
      "step": 650
    },
    {
      "epoch": 0.02,
      "grad_norm": 6.283290863037109,
      "learning_rate": 3.9000000000000006e-05,
      "loss": 3.4793,
      "step": 660
    },
    {
      "epoch": 0.02,
      "grad_norm": 6.205284595489502,
      "learning_rate": 3.883333333333333e-05,
      "loss": 3.5412,
      "step": 670
    },
    {
      "epoch": 0.02,
      "grad_norm": 6.976888179779053,
      "learning_rate": 3.866666666666667e-05,
      "loss": 3.3014,
      "step": 680
    },
    {
      "epoch": 0.02,
      "grad_norm": 6.626142501831055,
      "learning_rate": 3.85e-05,
      "loss": 3.398,
      "step": 690
    },
    {
      "epoch": 0.02,
      "grad_norm": 6.24869441986084,
      "learning_rate": 3.8333333333333334e-05,
      "loss": 3.3533,
      "step": 700
    },
    {
      "epoch": 0.02,
      "grad_norm": 7.116095542907715,
      "learning_rate": 3.816666666666667e-05,
      "loss": 3.4967,
      "step": 710
    },
    {
      "epoch": 0.03,
      "grad_norm": 6.815064907073975,
      "learning_rate": 3.8e-05,
      "loss": 3.5277,
      "step": 720
    },
    {
      "epoch": 0.03,
      "grad_norm": 6.986637115478516,
      "learning_rate": 3.7833333333333336e-05,
      "loss": 3.2469,
      "step": 730
    },
    {
      "epoch": 0.03,
      "grad_norm": 5.894566059112549,
      "learning_rate": 3.766666666666667e-05,
      "loss": 3.5721,
      "step": 740
    },
    {
      "epoch": 0.03,
      "grad_norm": 6.637237071990967,
      "learning_rate": 3.7500000000000003e-05,
      "loss": 3.3979,
      "step": 750
    },
    {
      "epoch": 0.03,
      "grad_norm": 6.173599720001221,
      "learning_rate": 3.733333333333334e-05,
      "loss": 3.4787,
      "step": 760
    },
    {
      "epoch": 0.03,
      "grad_norm": 6.494725227355957,
      "learning_rate": 3.7166666666666664e-05,
      "loss": 3.6227,
      "step": 770
    },
    {
      "epoch": 0.03,
      "grad_norm": 6.256740093231201,
      "learning_rate": 3.7e-05,
      "loss": 3.4732,
      "step": 780
    },
    {
      "epoch": 0.03,
      "grad_norm": 6.459008693695068,
      "learning_rate": 3.683333333333334e-05,
      "loss": 3.3229,
      "step": 790
    },
    {
      "epoch": 0.03,
      "grad_norm": 6.884533405303955,
      "learning_rate": 3.6666666666666666e-05,
      "loss": 3.5484,
      "step": 800
    },
    {
      "epoch": 0.03,
      "grad_norm": 6.651428699493408,
      "learning_rate": 3.65e-05,
      "loss": 3.2883,
      "step": 810
    },
    {
      "epoch": 0.03,
      "grad_norm": 6.499869346618652,
      "learning_rate": 3.633333333333333e-05,
      "loss": 3.3572,
      "step": 820
    },
    {
      "epoch": 0.03,
      "grad_norm": 7.20668888092041,
      "learning_rate": 3.6166666666666674e-05,
      "loss": 3.4582,
      "step": 830
    },
    {
      "epoch": 0.03,
      "grad_norm": 6.450556755065918,
      "learning_rate": 3.6e-05,
      "loss": 3.41,
      "step": 840
    },
    {
      "epoch": 0.03,
      "grad_norm": 6.240203380584717,
      "learning_rate": 3.5833333333333335e-05,
      "loss": 3.5041,
      "step": 850
    },
    {
      "epoch": 0.03,
      "grad_norm": 6.314394950866699,
      "learning_rate": 3.566666666666667e-05,
      "loss": 3.5322,
      "step": 860
    },
    {
      "epoch": 0.03,
      "grad_norm": 7.199338912963867,
      "learning_rate": 3.55e-05,
      "loss": 3.2941,
      "step": 870
    },
    {
      "epoch": 0.03,
      "grad_norm": 6.6620659828186035,
      "learning_rate": 3.5333333333333336e-05,
      "loss": 3.4928,
      "step": 880
    },
    {
      "epoch": 0.03,
      "grad_norm": 7.468827724456787,
      "learning_rate": 3.516666666666667e-05,
      "loss": 3.452,
      "step": 890
    },
    {
      "epoch": 0.03,
      "grad_norm": 8.116830825805664,
      "learning_rate": 3.5e-05,
      "loss": 3.2631,
      "step": 900
    },
    {
      "epoch": 0.03,
      "grad_norm": 7.787027835845947,
      "learning_rate": 3.483333333333334e-05,
      "loss": 3.4557,
      "step": 910
    },
    {
      "epoch": 0.03,
      "grad_norm": 7.112286567687988,
      "learning_rate": 3.466666666666667e-05,
      "loss": 3.4182,
      "step": 920
    },
    {
      "epoch": 0.03,
      "grad_norm": 7.579158782958984,
      "learning_rate": 3.45e-05,
      "loss": 3.4584,
      "step": 930
    },
    {
      "epoch": 0.03,
      "grad_norm": 7.320714950561523,
      "learning_rate": 3.433333333333333e-05,
      "loss": 3.5689,
      "step": 940
    },
    {
      "epoch": 0.03,
      "grad_norm": 6.560305118560791,
      "learning_rate": 3.4166666666666666e-05,
      "loss": 3.3625,
      "step": 950
    },
    {
      "epoch": 0.03,
      "grad_norm": 7.990951061248779,
      "learning_rate": 3.4000000000000007e-05,
      "loss": 3.4361,
      "step": 960
    },
    {
      "epoch": 0.03,
      "grad_norm": 6.019072532653809,
      "learning_rate": 3.3833333333333334e-05,
      "loss": 3.5363,
      "step": 970
    },
    {
      "epoch": 0.03,
      "grad_norm": 7.076486587524414,
      "learning_rate": 3.366666666666667e-05,
      "loss": 3.3223,
      "step": 980
    },
    {
      "epoch": 0.03,
      "grad_norm": 7.192687034606934,
      "learning_rate": 3.35e-05,
      "loss": 3.4627,
      "step": 990
    },
    {
      "epoch": 0.03,
      "grad_norm": 8.055869102478027,
      "learning_rate": 3.3333333333333335e-05,
      "loss": 3.3916,
      "step": 1000
    },
    {
      "epoch": 0.03,
      "eval_bleu-4": 0.03128591446385167,
      "eval_rouge-1": 31.829696000000002,
      "eval_rouge-2": 6.706767999999999,
      "eval_rouge-l": 24.602586000000002,
      "eval_runtime": 27.5903,
      "eval_samples_per_second": 1.812,
      "eval_steps_per_second": 0.145,
      "step": 1000
    },
    {
      "epoch": 0.04,
      "grad_norm": 6.993073463439941,
      "learning_rate": 3.316666666666667e-05,
      "loss": 3.449,
      "step": 1010
    },
    {
      "epoch": 0.04,
      "grad_norm": 7.34697961807251,
      "learning_rate": 3.3e-05,
      "loss": 3.452,
      "step": 1020
    },
    {
      "epoch": 0.04,
      "grad_norm": 8.095622062683105,
      "learning_rate": 3.283333333333333e-05,
      "loss": 3.649,
      "step": 1030
    },
    {
      "epoch": 0.04,
      "grad_norm": 6.550130367279053,
      "learning_rate": 3.266666666666667e-05,
      "loss": 3.4059,
      "step": 1040
    },
    {
      "epoch": 0.04,
      "grad_norm": 8.755424499511719,
      "learning_rate": 3.2500000000000004e-05,
      "loss": 3.3877,
      "step": 1050
    },
    {
      "epoch": 0.04,
      "grad_norm": 7.9052324295043945,
      "learning_rate": 3.233333333333333e-05,
      "loss": 3.3582,
      "step": 1060
    },
    {
      "epoch": 0.04,
      "grad_norm": 7.107578754425049,
      "learning_rate": 3.2166666666666665e-05,
      "loss": 3.3902,
      "step": 1070
    },
    {
      "epoch": 0.04,
      "grad_norm": 7.253876209259033,
      "learning_rate": 3.2000000000000005e-05,
      "loss": 3.4625,
      "step": 1080
    },
    {
      "epoch": 0.04,
      "grad_norm": 7.130514144897461,
      "learning_rate": 3.183333333333334e-05,
      "loss": 3.5266,
      "step": 1090
    },
    {
      "epoch": 0.04,
      "grad_norm": 6.723737716674805,
      "learning_rate": 3.1666666666666666e-05,
      "loss": 3.4652,
      "step": 1100
    },
    {
      "epoch": 0.04,
      "grad_norm": 6.968167304992676,
      "learning_rate": 3.15e-05,
      "loss": 3.3414,
      "step": 1110
    },
    {
      "epoch": 0.04,
      "grad_norm": 7.860029220581055,
      "learning_rate": 3.1333333333333334e-05,
      "loss": 3.5258,
      "step": 1120
    },
    {
      "epoch": 0.04,
      "grad_norm": 7.343764781951904,
      "learning_rate": 3.116666666666667e-05,
      "loss": 3.4354,
      "step": 1130
    },
    {
      "epoch": 0.04,
      "grad_norm": 7.756207466125488,
      "learning_rate": 3.1e-05,
      "loss": 3.358,
      "step": 1140
    },
    {
      "epoch": 0.04,
      "grad_norm": 7.5618720054626465,
      "learning_rate": 3.0833333333333335e-05,
      "loss": 3.318,
      "step": 1150
    },
    {
      "epoch": 0.04,
      "grad_norm": 7.267038822174072,
      "learning_rate": 3.066666666666667e-05,
      "loss": 3.3611,
      "step": 1160
    },
    {
      "epoch": 0.04,
      "grad_norm": 6.806843280792236,
      "learning_rate": 3.05e-05,
      "loss": 3.4475,
      "step": 1170
    },
    {
      "epoch": 0.04,
      "grad_norm": 6.421252250671387,
      "learning_rate": 3.0333333333333337e-05,
      "loss": 3.4723,
      "step": 1180
    },
    {
      "epoch": 0.04,
      "grad_norm": 6.7414631843566895,
      "learning_rate": 3.016666666666667e-05,
      "loss": 3.3596,
      "step": 1190
    },
    {
      "epoch": 0.04,
      "grad_norm": 6.416792392730713,
      "learning_rate": 3e-05,
      "loss": 3.4076,
      "step": 1200
    },
    {
      "epoch": 0.04,
      "grad_norm": 6.678061008453369,
      "learning_rate": 2.9833333333333335e-05,
      "loss": 3.2473,
      "step": 1210
    },
    {
      "epoch": 0.04,
      "grad_norm": 7.449488162994385,
      "learning_rate": 2.9666666666666672e-05,
      "loss": 3.3428,
      "step": 1220
    },
    {
      "epoch": 0.04,
      "grad_norm": 7.416559219360352,
      "learning_rate": 2.95e-05,
      "loss": 3.3775,
      "step": 1230
    },
    {
      "epoch": 0.04,
      "grad_norm": 8.8865327835083,
      "learning_rate": 2.9333333333333336e-05,
      "loss": 3.3764,
      "step": 1240
    },
    {
      "epoch": 0.04,
      "grad_norm": 6.822361946105957,
      "learning_rate": 2.916666666666667e-05,
      "loss": 3.4459,
      "step": 1250
    },
    {
      "epoch": 0.04,
      "grad_norm": 7.723625183105469,
      "learning_rate": 2.9e-05,
      "loss": 3.2793,
      "step": 1260
    },
    {
      "epoch": 0.04,
      "grad_norm": 7.177978515625,
      "learning_rate": 2.8833333333333334e-05,
      "loss": 3.4549,
      "step": 1270
    },
    {
      "epoch": 0.04,
      "grad_norm": 7.249715805053711,
      "learning_rate": 2.8666666666666668e-05,
      "loss": 3.3346,
      "step": 1280
    },
    {
      "epoch": 0.05,
      "grad_norm": 6.952620983123779,
      "learning_rate": 2.8499999999999998e-05,
      "loss": 3.3934,
      "step": 1290
    },
    {
      "epoch": 0.05,
      "grad_norm": 7.289932727813721,
      "learning_rate": 2.8333333333333335e-05,
      "loss": 3.4795,
      "step": 1300
    },
    {
      "epoch": 0.05,
      "grad_norm": 7.023521900177002,
      "learning_rate": 2.816666666666667e-05,
      "loss": 3.4633,
      "step": 1310
    },
    {
      "epoch": 0.05,
      "grad_norm": 6.813533306121826,
      "learning_rate": 2.8000000000000003e-05,
      "loss": 3.4553,
      "step": 1320
    },
    {
      "epoch": 0.05,
      "grad_norm": 10.250730514526367,
      "learning_rate": 2.7833333333333333e-05,
      "loss": 3.4023,
      "step": 1330
    },
    {
      "epoch": 0.05,
      "grad_norm": 7.482886791229248,
      "learning_rate": 2.7666666666666667e-05,
      "loss": 3.3021,
      "step": 1340
    },
    {
      "epoch": 0.05,
      "grad_norm": 7.424092769622803,
      "learning_rate": 2.7500000000000004e-05,
      "loss": 3.3461,
      "step": 1350
    },
    {
      "epoch": 0.05,
      "grad_norm": 8.092047691345215,
      "learning_rate": 2.733333333333333e-05,
      "loss": 3.3027,
      "step": 1360
    },
    {
      "epoch": 0.05,
      "grad_norm": 7.379220962524414,
      "learning_rate": 2.716666666666667e-05,
      "loss": 3.5166,
      "step": 1370
    },
    {
      "epoch": 0.05,
      "grad_norm": 7.1740312576293945,
      "learning_rate": 2.7000000000000002e-05,
      "loss": 3.3885,
      "step": 1380
    },
    {
      "epoch": 0.05,
      "grad_norm": 7.165674209594727,
      "learning_rate": 2.6833333333333333e-05,
      "loss": 3.3533,
      "step": 1390
    },
    {
      "epoch": 0.05,
      "grad_norm": 6.633505821228027,
      "learning_rate": 2.6666666666666667e-05,
      "loss": 3.4154,
      "step": 1400
    },
    {
      "epoch": 0.05,
      "grad_norm": 7.498257637023926,
      "learning_rate": 2.6500000000000004e-05,
      "loss": 3.3449,
      "step": 1410
    },
    {
      "epoch": 0.05,
      "grad_norm": 7.6140828132629395,
      "learning_rate": 2.633333333333333e-05,
      "loss": 3.2662,
      "step": 1420
    },
    {
      "epoch": 0.05,
      "grad_norm": 7.697851657867432,
      "learning_rate": 2.6166666666666668e-05,
      "loss": 3.3785,
      "step": 1430
    },
    {
      "epoch": 0.05,
      "grad_norm": 7.371003150939941,
      "learning_rate": 2.6000000000000002e-05,
      "loss": 3.3557,
      "step": 1440
    },
    {
      "epoch": 0.05,
      "grad_norm": 7.067782878875732,
      "learning_rate": 2.5833333333333336e-05,
      "loss": 3.2658,
      "step": 1450
    },
    {
      "epoch": 0.05,
      "grad_norm": 7.24818754196167,
      "learning_rate": 2.5666666666666666e-05,
      "loss": 3.3914,
      "step": 1460
    },
    {
      "epoch": 0.05,
      "grad_norm": 9.331357955932617,
      "learning_rate": 2.5500000000000003e-05,
      "loss": 3.435,
      "step": 1470
    },
    {
      "epoch": 0.05,
      "grad_norm": 6.749776363372803,
      "learning_rate": 2.5333333333333337e-05,
      "loss": 3.2973,
      "step": 1480
    },
    {
      "epoch": 0.05,
      "grad_norm": 7.432412147521973,
      "learning_rate": 2.5166666666666667e-05,
      "loss": 3.4361,
      "step": 1490
    },
    {
      "epoch": 0.05,
      "grad_norm": 6.918740272521973,
      "learning_rate": 2.5e-05,
      "loss": 3.4547,
      "step": 1500
    },
    {
      "epoch": 0.05,
      "eval_bleu-4": 0.03216092782545496,
      "eval_rouge-1": 32.157004,
      "eval_rouge-2": 6.817944000000001,
      "eval_rouge-l": 25.710727999999996,
      "eval_runtime": 12.6369,
      "eval_samples_per_second": 3.957,
      "eval_steps_per_second": 0.317,
      "step": 1500
    },
    {
      "epoch": 0.05,
      "grad_norm": 6.808885097503662,
      "learning_rate": 2.4833333333333335e-05,
      "loss": 3.3398,
      "step": 1510
    },
    {
      "epoch": 0.05,
      "grad_norm": 8.204680442810059,
      "learning_rate": 2.466666666666667e-05,
      "loss": 3.3883,
      "step": 1520
    },
    {
      "epoch": 0.05,
      "grad_norm": 8.245332717895508,
      "learning_rate": 2.45e-05,
      "loss": 3.4418,
      "step": 1530
    },
    {
      "epoch": 0.05,
      "grad_norm": 7.062271595001221,
      "learning_rate": 2.4333333333333336e-05,
      "loss": 3.4062,
      "step": 1540
    },
    {
      "epoch": 0.05,
      "grad_norm": 7.276569843292236,
      "learning_rate": 2.4166666666666667e-05,
      "loss": 3.493,
      "step": 1550
    },
    {
      "epoch": 0.05,
      "grad_norm": 8.414140701293945,
      "learning_rate": 2.4e-05,
      "loss": 3.4061,
      "step": 1560
    },
    {
      "epoch": 0.05,
      "grad_norm": 7.905790328979492,
      "learning_rate": 2.3833333333333334e-05,
      "loss": 3.4645,
      "step": 1570
    },
    {
      "epoch": 0.06,
      "grad_norm": 7.57233190536499,
      "learning_rate": 2.3666666666666668e-05,
      "loss": 3.4293,
      "step": 1580
    },
    {
      "epoch": 0.06,
      "grad_norm": 9.469871520996094,
      "learning_rate": 2.35e-05,
      "loss": 3.5066,
      "step": 1590
    },
    {
      "epoch": 0.06,
      "grad_norm": 6.963181972503662,
      "learning_rate": 2.3333333333333336e-05,
      "loss": 3.3914,
      "step": 1600
    },
    {
      "epoch": 0.06,
      "grad_norm": 8.012818336486816,
      "learning_rate": 2.3166666666666666e-05,
      "loss": 3.3687,
      "step": 1610
    },
    {
      "epoch": 0.06,
      "grad_norm": 8.616475105285645,
      "learning_rate": 2.3000000000000003e-05,
      "loss": 3.3639,
      "step": 1620
    },
    {
      "epoch": 0.06,
      "grad_norm": 7.470798492431641,
      "learning_rate": 2.2833333333333334e-05,
      "loss": 3.4703,
      "step": 1630
    },
    {
      "epoch": 0.06,
      "grad_norm": 8.026731491088867,
      "learning_rate": 2.2666666666666668e-05,
      "loss": 3.3197,
      "step": 1640
    },
    {
      "epoch": 0.06,
      "grad_norm": 7.616352558135986,
      "learning_rate": 2.25e-05,
      "loss": 3.3693,
      "step": 1650
    },
    {
      "epoch": 0.06,
      "grad_norm": 7.114800930023193,
      "learning_rate": 2.2333333333333335e-05,
      "loss": 3.2992,
      "step": 1660
    },
    {
      "epoch": 0.06,
      "grad_norm": 8.939187049865723,
      "learning_rate": 2.216666666666667e-05,
      "loss": 3.4791,
      "step": 1670
    },
    {
      "epoch": 0.06,
      "grad_norm": 7.229987144470215,
      "learning_rate": 2.2000000000000003e-05,
      "loss": 3.3701,
      "step": 1680
    },
    {
      "epoch": 0.06,
      "grad_norm": 7.43455696105957,
      "learning_rate": 2.1833333333333333e-05,
      "loss": 3.3725,
      "step": 1690
    },
    {
      "epoch": 0.06,
      "grad_norm": 7.135754585266113,
      "learning_rate": 2.1666666666666667e-05,
      "loss": 3.5133,
      "step": 1700
    },
    {
      "epoch": 0.06,
      "grad_norm": 7.312079906463623,
      "learning_rate": 2.15e-05,
      "loss": 3.4623,
      "step": 1710
    },
    {
      "epoch": 0.06,
      "grad_norm": 7.399215221405029,
      "learning_rate": 2.1333333333333335e-05,
      "loss": 3.5047,
      "step": 1720
    },
    {
      "epoch": 0.06,
      "grad_norm": 7.4649152755737305,
      "learning_rate": 2.116666666666667e-05,
      "loss": 3.4035,
      "step": 1730
    },
    {
      "epoch": 0.06,
      "grad_norm": 7.635732650756836,
      "learning_rate": 2.1e-05,
      "loss": 3.402,
      "step": 1740
    },
    {
      "epoch": 0.06,
      "grad_norm": 7.484546184539795,
      "learning_rate": 2.0833333333333336e-05,
      "loss": 3.4635,
      "step": 1750
    },
    {
      "epoch": 0.06,
      "grad_norm": 7.9170403480529785,
      "learning_rate": 2.0666666666666666e-05,
      "loss": 3.4439,
      "step": 1760
    },
    {
      "epoch": 0.06,
      "grad_norm": 8.43758773803711,
      "learning_rate": 2.05e-05,
      "loss": 3.3592,
      "step": 1770
    },
    {
      "epoch": 0.06,
      "grad_norm": 8.31228256225586,
      "learning_rate": 2.0333333333333334e-05,
      "loss": 3.3473,
      "step": 1780
    },
    {
      "epoch": 0.06,
      "grad_norm": 8.26220703125,
      "learning_rate": 2.0166666666666668e-05,
      "loss": 3.3908,
      "step": 1790
    },
    {
      "epoch": 0.06,
      "grad_norm": 7.91382360458374,
      "learning_rate": 2e-05,
      "loss": 3.34,
      "step": 1800
    },
    {
      "epoch": 0.06,
      "grad_norm": 9.013530731201172,
      "learning_rate": 1.9833333333333335e-05,
      "loss": 3.3785,
      "step": 1810
    },
    {
      "epoch": 0.06,
      "grad_norm": 7.767002105712891,
      "learning_rate": 1.9666666666666666e-05,
      "loss": 3.3432,
      "step": 1820
    },
    {
      "epoch": 0.06,
      "grad_norm": 7.97884464263916,
      "learning_rate": 1.9500000000000003e-05,
      "loss": 3.5836,
      "step": 1830
    },
    {
      "epoch": 0.06,
      "grad_norm": 8.59230899810791,
      "learning_rate": 1.9333333333333333e-05,
      "loss": 3.3471,
      "step": 1840
    },
    {
      "epoch": 0.06,
      "grad_norm": 8.9595308303833,
      "learning_rate": 1.9166666666666667e-05,
      "loss": 3.4852,
      "step": 1850
    },
    {
      "epoch": 0.06,
      "grad_norm": 7.3524699211120605,
      "learning_rate": 1.9e-05,
      "loss": 3.3811,
      "step": 1860
    },
    {
      "epoch": 0.07,
      "grad_norm": 8.164934158325195,
      "learning_rate": 1.8833333333333335e-05,
      "loss": 3.3145,
      "step": 1870
    },
    {
      "epoch": 0.07,
      "grad_norm": 7.434097766876221,
      "learning_rate": 1.866666666666667e-05,
      "loss": 3.3039,
      "step": 1880
    },
    {
      "epoch": 0.07,
      "grad_norm": 7.333683490753174,
      "learning_rate": 1.85e-05,
      "loss": 3.4008,
      "step": 1890
    },
    {
      "epoch": 0.07,
      "grad_norm": 7.950295925140381,
      "learning_rate": 1.8333333333333333e-05,
      "loss": 3.367,
      "step": 1900
    },
    {
      "epoch": 0.07,
      "grad_norm": 8.113795280456543,
      "learning_rate": 1.8166666666666667e-05,
      "loss": 3.3881,
      "step": 1910
    },
    {
      "epoch": 0.07,
      "grad_norm": 7.562678813934326,
      "learning_rate": 1.8e-05,
      "loss": 3.485,
      "step": 1920
    },
    {
      "epoch": 0.07,
      "grad_norm": 7.7911152839660645,
      "learning_rate": 1.7833333333333334e-05,
      "loss": 3.2814,
      "step": 1930
    },
    {
      "epoch": 0.07,
      "grad_norm": 7.548689365386963,
      "learning_rate": 1.7666666666666668e-05,
      "loss": 3.5012,
      "step": 1940
    },
    {
      "epoch": 0.07,
      "grad_norm": 6.933331489562988,
      "learning_rate": 1.75e-05,
      "loss": 3.3568,
      "step": 1950
    },
    {
      "epoch": 0.07,
      "grad_norm": 8.710576057434082,
      "learning_rate": 1.7333333333333336e-05,
      "loss": 3.283,
      "step": 1960
    },
    {
      "epoch": 0.07,
      "grad_norm": 7.758098602294922,
      "learning_rate": 1.7166666666666666e-05,
      "loss": 3.3713,
      "step": 1970
    },
    {
      "epoch": 0.07,
      "grad_norm": 7.713993549346924,
      "learning_rate": 1.7000000000000003e-05,
      "loss": 3.2377,
      "step": 1980
    },
    {
      "epoch": 0.07,
      "grad_norm": 7.195184230804443,
      "learning_rate": 1.6833333333333334e-05,
      "loss": 3.4193,
      "step": 1990
    },
    {
      "epoch": 0.07,
      "grad_norm": 8.01244831085205,
      "learning_rate": 1.6666666666666667e-05,
      "loss": 3.4684,
      "step": 2000
    },
    {
      "epoch": 0.07,
      "eval_bleu-4": 0.02954999477763607,
      "eval_rouge-1": 30.446856000000004,
      "eval_rouge-2": 6.523476,
      "eval_rouge-l": 22.410238,
      "eval_runtime": 70.2014,
      "eval_samples_per_second": 0.712,
      "eval_steps_per_second": 0.057,
      "step": 2000
    }
  ],
  "logging_steps": 10,
  "max_steps": 3000,
  "num_input_tokens_seen": 0,
  "num_train_epochs": 1,
  "save_steps": 2000,
  "total_flos": 4.343306666174054e+16,
  "train_batch_size": 4,
  "trial_name": null,
  "trial_params": null
}
